population_id,country_population,YR1980,YR1981,YR1982,YR1983,YR1984,YR1985,YR1986,YR1987,YR1988,YR1989,YR1990,YR1991,YR1992,YR1993,YR1994,YR1995,YR1996,YR1997,YR1998,YR1999,YR2000,YR2001,YR2002,YR2003,YR2004,YR2005,YR2006,YR2007,YR2008,YR2009,YR2010,YR2011,YR2012,YR2013,YR2014,YR2015,YR2016,YR2017,YR2018,YR2019,YR2020,YR2021,YR2022,YR2023,YR2024,YR2025,YR2026,YR2027,YR2028
P1,Afghanistan,0,0,0,0,0,0,0,0,0,0,0,0,0,0,0,0,0,0,0,0,0,17.887,18.707,19.477,20.237,20.947,21.596,22.426,22.997,23.596,24.269,25.031,25.864,26.736,27.601,28.425,29.2,29.7,31.6,32.2,32.941,33.698,34.263,0,0,0,0,0,0
P2,Albania,2.672,2.726,2.784,2.844,2.904,2.965,3.023,3.084,3.142,3.228,3.287,3.267,3.247,3.227,3.208,3.188,3.168,3.148,3.129,3.109,3.089,3.06,3.051,3.04,3.027,3.011,2.993,2.97,2.947,2.928,2.913,2.905,2.9,2.895,2.889,2.881,2.876,2.884,2.883,2.881,2.878,2.873,2.866,2.858,2.85,2.84,2.831,2.821,2.81
P3,Algeria,18.666,19.246,19.864,20.516,21.175,22.2,22.8,23.4,24.1,24.7,25.022,25.643,26.271,26.894,27.496,28.06,28.566,29.045,29.507,29.965,30.506,30.954,31.414,31.885,32.366,32.855,33.351,33.858,34.591,35.268,35.978,36.717,37.495,38.297,39.114,39.963,40.836,41.721,42.578,43.424,43.851,44.577,45.291,45.973,46.626,47.251,47.851,48.428,48.983
P4,Andorra,0,0,0,0,0,0,0,0,0,0,0,0,0,0,0,0,0,0,0,0,0,0,0,0,0,0,0,0,0,0,0.07,0.07,0.07,0.07,0.071,0.072,0.073,0.075,0.076,0.078,0.078,0.08,0.082,0.084,0.086,0.088,0.09,0.093,0.095
P5,Angola,8.272,8.495,8.72,8.948,9.185,10.35,10.646,10.918,11.214,11.521,11.829,12.229,12.633,13.038,13.462,13.912,14.383,14.871,15.367,15.871,16.394,16.942,17.516,18.124,18.771,19.451,20.162,20.91,21.692,22.508,23.364,24.259,25.188,26.147,27.128,28.128,29.155,30.209,31.274,32.354,33.428,34.504,35.711,36.783,37.886,39.023,40.194,41.399,42.641
P6,Antigua and Barbuda,0.068,0.068,0.067,0.066,0.065,0.064,0.063,0.062,0.061,0.06,0.06,0.061,0.062,0.063,0.065,0.067,0.068,0.07,0.072,0.074,0.076,0.077,0.078,0.078,0.079,0.08,0.081,0.082,0.083,0.084,0.085,0.086,0.087,0.088,0.089,0.091,0.092,0.094,0.095,0.096,0.098,0.099,0.101,0.102,0.104,0.105,0.106,0.108,0.109
P7,Argentina,27.95,28.45,28.93,29.34,29.84,30.35,30.74,31.09,31.47,31.86,32.53,32.97,33.42,33.917,34.353,34.779,35.196,35.604,36.005,36.399,36.784,37.156,37.516,37.87,38.226,38.592,38.971,39.356,39.746,40.134,40.788,41.261,41.733,42.203,42.67,43.132,43.59,44.045,44.495,44.939,45.388,45.842,46.3,46.763,47.231,47.703,48.18,48.662,49.149
P8,Armenia,0,0,0,0,0,0,0,0,0,0,3.51,3.51,3.45,3.37,3.29,3.22,3.17,3.14,3.11,3.09,3.08,3.06,3.05,3.04,3.03,3.01,3,2.99,2.98,2.97,2.966,2.968,2.97,2.98,2.985,2.99,2.993,2.979,2.969,2.963,2.962,2.962,2.962,2.963,2.963,2.963,2.963,2.964,2.964
P9,Aruba,0,0,0,0,0,0,0.061,0.06,0.061,0.062,0.064,0.067,0.069,0.074,0.078,0.08,0.083,0.086,0.088,0.09,0.091,0.091,0.092,0.093,0.095,0.098,0.099,0.1,0.101,0.102,0.102,0.103,0.104,0.106,0.107,0.108,0.109,0.109,0.109,0.109,0.109,0.108,0.107,0.107,0.107,0.107,0.107,0.107,0.106
P10,Australia,14.802,15.039,15.289,15.483,15.677,15.901,16.139,16.395,16.687,16.937,17.17,17.379,17.557,17.719,17.893,18.12,18.33,18.51,18.706,18.919,19.141,19.386,19.605,19.827,20.046,20.312,20.628,21.016,21.476,21.866,22.172,22.522,22.928,23.298,23.64,23.985,24.385,24.759,25.146,25.52,25.631,25.772,26.268,26.584,26.929,27.266,27.593,27.924,28.259
P11,Austria,7.54,7.556,7.565,7.543,7.544,7.549,7.557,7.567,7.576,7.594,7.645,7.711,7.799,7.883,7.929,7.948,7.959,7.968,7.977,7.992,8.012,8.042,8.082,8.118,8.169,8.225,8.268,8.295,8.322,8.341,8.361,8.389,8.426,8.477,8.544,8.63,8.74,8.815,8.885,8.859,8.901,8.98,9.025,9.07,9.115,9.161,9.207,9.253,9.302
P12,Azerbaijan,0,0,0,0,0,0,0,0,0,0,0,0,7.459,7.487,7.597,7.644,7.726,7.8,7.877,7.953,8.033,8.114,8.191,8.269,8.349,8.447,8.553,8.666,8.78,8.922,8.998,9.111,9.235,9.357,9.477,9.593,9.706,9.81,9.898,9.982,10.067,10.119,10.156,10.278,10.402,10.526,10.653,10.781,10.91
P13,Bahamas,0.211,0.215,0.22,0.225,0.23,0.234,0.238,0.242,0.247,0.251,0.255,0.259,0.264,0.269,0.273,0.279,0.284,0.288,0.293,0.298,0.304,0.308,0.313,0.318,0.323,0.328,0.332,0.337,0.342,0.347,0.351,0.355,0.359,0.362,0.366,0.37,0.373,0.377,0.381,0.385,0.389,0.394,0.399,0.404,0.408,0.413,0.417,0.421,0.425
P14,Bahrain,0.353,0.367,0.38,0.393,0.406,0.42,0.435,0.45,0.467,0.484,0.488,0.508,0.516,0.53,0.544,0.559,0.574,0.589,0.605,0.621,0.638,0.661,0.711,0.765,0.824,0.889,0.96,1.039,1.107,1.178,1.235,1.195,1.209,1.253,1.315,1.37,1.424,1.501,1.503,1.484,1.472,1.504,1.542,1.581,1.62,1.661,1.703,1.745,1.789
P15,Bangladesh,79.639,81.768,83.932,86.142,88.417,90.764,93.188,95.671,98.186,100.695,103.172,105.599,107.984,110.351,112.738,115.17,117.65,120.161,122.683,125.19,127.658,130.089,132.478,134.792,136.986,139.036,140.921,142.66,144.304,145.925,147.575,149.274,151.008,152.765,154.52,156.256,157.971,159.671,161.356,163.046,164.689,166.657,168.52,170.279,172.019,173.736,175.423,177.07,178.681
P16,Barbados,0.252,0.253,0.254,0.255,0.255,0.256,0.257,0.258,0.259,0.259,0.26,0.261,0.262,0.263,0.264,0.265,0.266,0.267,0.268,0.269,0.27,0.271,0.271,0.272,0.273,0.274,0.275,0.276,0.277,0.278,0.28,0.281,0.282,0.283,0.283,0.284,0.285,0.286,0.286,0.287,0.288,0.289,0.289,0.29,0.291,0.292,0.292,0.293,0.294
P17,Belarus,0,0,0,0,0,0,0,0,0,0,10.19,10.195,10.217,10.24,10.228,10.177,10.142,10.093,10.045,10.019,9.99,9.957,9.9,9.831,9.763,9.697,9.63,9.579,9.542,9.514,9.496,9.472,9.451,9.442,9.444,9.453,9.469,9.47,9.448,9.429,9.41,9.35,9.256,9.21,9.164,9.118,9.072,9.027,8.982
P18,Belgium,9.855,9.863,9.855,9.858,9.853,9.858,9.859,9.865,9.876,9.928,9.948,9.987,10.022,10.068,10.101,10.131,10.143,10.17,10.192,10.214,10.239,10.263,10.31,10.356,10.396,10.446,10.511,10.585,10.667,10.753,10.84,11.001,11.076,11.138,11.181,11.237,11.311,11.352,11.399,11.456,11.522,11.555,11.618,11.695,11.734,11.769,11.809,11.848,11.886
P19,Belize,0.15,0.15,0.153,0.157,0.162,0.166,0.171,0.176,0.179,0.184,0.189,0.194,0.199,0.205,0.211,0.217,0.222,0.23,0.239,0.243,0.25,0.256,0.263,0.269,0.276,0.284,0.291,0.299,0.307,0.315,0.322,0.332,0.341,0.35,0.359,0.368,0.378,0.388,0.396,0.408,0.421,0.43,0.442,0.451,0.46,0.469,0.478,0.488,0.498
P20,Benin,3.75,3.88,3.999,4.129,4.259,4.4,4.541,4.682,4.833,4.976,5.133,5.293,5.458,5.706,5.923,6.047,6.204,6.387,6.584,6.789,6.998,7.212,7.432,7.659,7.895,8.149,8.403,8.648,8.906,9.173,9.446,9.726,10.014,10.309,10.615,10.933,11.26,11.597,11.941,12.29,12.643,13.011,13.38,13.76,14.147,14.545,14.955,15.37,15.803
P21,Bhutan,0.408,0.419,0.43,0.44,0.451,0.464,0.479,0.495,0.511,0.524,0.53,0.529,0.522,0.513,0.506,0.503,0.507,0.515,0.528,0.543,0.558,0.574,0.591,0.602,0.613,0.624,0.635,0.643,0.651,0.659,0.667,0.675,0.683,0.692,0.7,0.713,0.722,0.731,0.735,0.738,0.745,0.753,0.76,0.767,0.775,0.782,0.79,0.797,0.805
P22,Bolivia,5.161,5.587,5.703,5.822,5.944,6.068,6.195,6.324,6.456,6.591,6.728,6.869,7.012,7.213,7.419,7.567,7.717,7.871,8.026,8.183,8.43,8.59,8.75,8.91,9.07,9.23,9.39,9.55,9.71,9.87,10.03,10.19,10.35,10.51,10.67,10.83,10.99,11.15,11.31,11.47,11.63,11.8,11.96,12.13,12.29,12.45,12.635,12.823,13.014
P23,Bosnia and Herzegovina,0,0,0,0,0,0,0,0,0,0,0,0,0,0,0,0,3.763,3.736,3.732,3.743,3.751,3.755,3.759,3.76,3.763,3.766,3.768,3.762,3.754,3.736,3.704,3.66,3.605,3.531,3.526,3.518,3.511,3.504,3.496,3.491,3.487,3.481,3.473,3.464,3.455,3.445,3.436,3.426,3.416
P24,Botswana,0.963,0.981,1.017,1.055,1.093,1.134,1.176,1.219,1.263,1.309,1.358,1.399,1.439,1.48,1.519,1.558,1.595,1.631,1.666,1.698,1.727,1.762,1.795,1.827,1.859,1.893,1.929,1.967,2.007,2.049,2.092,2.134,2.175,2.217,2.26,2.305,2.352,2.402,2.451,2.5,2.546,2.588,2.63,2.675,2.72,2.763,2.806,2.849,2.89
P25,Brazil,121.151,123.858,126.589,129.335,132.094,134.858,137.592,140.264,142.87,145.413,146.466,146.917,149.335,151.738,154.147,156.556,161.151,163.679,166.23,168.079,169.591,171.975,174.21,176.366,178.471,180.546,182.567,184.496,186.42,188.588,190.756,191.765,192.763,193.826,194.906,196.019,197.051,198.042,199.067,200.047,200.978,202.02,203.063,204.246,205.375,206.45,207.531,208.617,209.709
P26,Brunei,0,0,0,0,0,0.222,0.226,0.234,0.241,0.246,0.253,0.26,0.267,0.274,0.281,0.287,0.295,0.302,0.31,0.317,0.325,0.333,0.34,0.346,0.352,0.359,0.365,0.37,0.375,0.38,0.387,0.393,0.399,0.403,0.408,0.412,0.417,0.426,0.437,0.451,0.442,0.441,0.441,0.441,0.441,0.441,0.441,0.441,0.442
P27,Bulgaria,8.808,8.834,8.859,8.881,8.897,8.903,8.901,8.889,8.865,8.826,8.771,8.697,8.607,8.507,8.407,8.312,8.225,8.162,8.105,8.067,8.15,7.891,7.846,7.801,7.761,7.719,7.679,7.64,7.607,7.564,7.505,7.327,7.285,7.246,7.202,7.154,7.102,7.05,7,6.951,6.917,6.839,6.448,6.409,6.371,6.332,6.294,6.257,6.219
P28,Burkina Faso,7.045,7.212,7.391,7.58,7.776,7.979,8.208,8.435,8.664,8.895,9.131,9.365,9.599,9.84,10.091,10.353,10.621,10.897,11.201,11.534,11.883,12.25,12.632,13.031,13.446,13.876,14.316,14.757,15.198,15.65,16.117,16.603,17.114,17.636,18.17,18.718,19.275,19.836,20.393,20.952,21.54,22.145,22.766,23.405,24.062,24.738,25.432,26.146,26.88
P29,Burundi,4.09,4.21,4.334,4.461,4.591,4.726,4.864,5.007,5.154,5.305,5.46,5.62,5.78,5.77,5.87,5.98,6.09,6.19,6.3,6.489,6.684,6.884,7.091,7.26,7.478,7.512,7.737,7.969,8.232,8.504,8.776,9.048,9.329,9.618,9.907,10.204,10.53,10.867,11.193,11.529,11.875,12.231,12.598,12.976,13.365,13.766,14.179,14.605,15.043
P30,Cambodia,6.718,6.775,6.945,7.196,7.475,7.743,7.99,8.228,8.467,8.724,9.009,9.324,9.659,10.007,10.43,10.769,11.091,11.396,11.685,11.96,12.223,12.473,12.709,12.934,13.149,13.356,13.555,13.747,13.941,14.096,14.251,14.406,14.561,14.716,14.871,15.026,15.181,15.336,15.491,15.6,15.678,15.835,15.993,16.153,16.315,16.478,16.643,16.809,16.977
P31,Cameroon,8.808,9.064,9.319,9.574,9.831,10.093,10.372,10.667,10.98,11.313,11.665,12.025,12.391,12.764,13.145,13.513,13.892,14.28,14.68,15.091,15.514,15.929,16.358,16.801,17.259,17.733,18.224,18.73,19.253,19.79,20.341,20.906,21.485,22.077,22.682,23.298,23.927,24.566,25.216,25.876,26.546,27.224,27.912,28.608,29.315,30.032,30.759,31.496,32.244
P32,Canada,24.471,24.785,25.083,25.336,25.577,25.813,26.067,26.398,26.751,27.215,27.632,27.987,28.324,28.651,28.96,29.263,29.57,29.868,30.124,30.367,30.647,30.971,31.309,31.603,31.901,32.204,32.529,32.849,33.199,33.581,33.958,34.298,34.665,35.034,35.392,35.678,36.052,36.495,37.003,37.54,37.977,38.205,38.846,39.773,40.314,40.839,41.35,41.85,42.337
P33,Central African Republic,2.279,2.348,2.407,2.467,2.526,2.595,2.684,2.741,2.795,2.852,2.913,2.98,3.051,3.125,3.201,3.276,3.35,3.425,3.498,3.57,3.638,3.704,3.767,3.83,3.894,3.961,4.032,4.107,4.185,4.266,4.35,4.419,4.436,4.448,4.464,4.493,4.538,4.596,4.666,4.745,4.83,4.92,5.017,5.119,5.227,5.338,5.454,5.572,5.694
P34,Chad,4.514,4.613,4.718,4.832,4.958,5.095,5.247,5.413,5.59,5.774,5.963,6.157,6.357,6.564,6.781,7.01,7.251,7.503,7.77,8.054,8.356,8.678,9.019,9.374,9.735,10.097,10.457,10.818,11.184,11.56,11.952,12.361,12.785,13.22,13.664,14.111,14.562,15.017,15.478,15.947,16.426,16.915,17.414,17.921,18.437,18.961,19.491,20.03,20.576
P35,Chile,11.174,11.36,11.545,11.731,11.917,12.102,12.317,12.533,12.748,12.963,13.179,13.422,13.737,13.957,14.172,14.381,14.585,14.783,14.975,15.162,15.343,15.52,15.692,15.857,16.022,16.183,16.348,16.518,16.698,16.881,17.064,17.254,17.443,17.612,17.788,17.971,18.167,18.419,18.751,19.107,19.458,19.678,19.829,19.961,20.086,20.207,20.323,20.434,20.54
P36,China,987.05,1000.72,1016.54,1030.08,1043.57,1058.51,1075.07,1093,1110.26,1127.04,1143.33,1158.23,1171.71,1185.17,1198.5,1211.21,1223.89,1236.26,1247.61,1257.86,1267.43,1276.27,1284.53,1292.27,1299.88,1307.56,1314.48,1321.29,1328.02,1334.5,1340.91,1349.16,1359.22,1367.26,1376.46,1383.26,1392.32,1400.11,1405.41,1410.08,1412.12,1412.6,1411.75,1411.397,1410.776,1409.817,1408.534,1406.942,1405.043
P37,Colombia,27.639,28.255,28.875,29.498,30.124,29.921,30.541,31.181,31.834,32.494,33.156,33.845,34.522,35.181,35.817,36.426,37.019,37.505,38.088,38.573,39.152,39.656,40.156,40.661,41.166,41.672,42.17,42.659,43.134,43.609,44.086,44.553,45.002,45.435,45.866,46.314,46.83,47.419,48.258,49.396,50.372,51.049,51.609,52.156,52.691,53.217,53.732,54.253,54.779
P38,Comoros,0.353,0.362,0.371,0.379,0.383,0.395,0.408,0.421,0.435,0.449,0.462,0.447,0.457,0.466,0.476,0.486,0.497,0.507,0.518,0.529,0.54,0.552,0.564,0.576,0.59,0.604,0.62,0.636,0.652,0.669,0.687,0.705,0.724,0.744,0.764,0.785,0.806,0.828,0.851,0.874,0.897,0.921,0.955,0.991,1.027,1.066,1.107,1.149,1.193
P39,Democratic Republic of Congo,25.124,25.953,26.81,27.694,28.608,29.552,30.528,31.535,32.576,33.651,34.761,35.908,37.334,38.816,40.253,41.576,42.757,44.838,45.734,46.649,48.049,49.449,50.971,52.602,54.315,56.09,57.927,59.835,61.809,63.845,65.939,68.087,70.291,72.553,74.877,77.267,79.801,82.417,85.12,87.911,90.794,93.751,96.801,99.948,103.197,106.552,110.02,113.605,117.314
P40,Congo,1.589,1.638,1.689,1.741,1.794,1.85,1.907,1.966,2.026,2.154,2.22,2.288,2.345,2.404,2.464,2.525,2.588,2.653,2.719,2.787,2.857,2.929,3.002,3.077,3.154,3.233,3.313,3.396,3.481,3.568,3.657,3.749,3.843,3.939,4.037,4.138,4.241,4.347,4.456,4.568,4.682,4.799,4.919,5.042,5.168,5.297,5.429,5.565,5.704
P41,Costa Rica,2.302,2.372,2.443,2.514,2.588,2.666,2.746,2.824,2.901,2.977,3.051,3.122,3.191,3.275,3.373,3.47,3.565,3.657,3.747,3.838,3.81,3.953,4.022,4.086,4.152,4.215,4.279,4.34,4.404,4.469,4.554,4.613,4.673,4.733,4.793,4.851,4.909,4.966,5.022,5.075,5.128,5.18,5.229,5.279,5.329,5.38,5.431,5.483,5.535
P42,Croatia,0,0,0,0,0,0,0,0,0,0,4.517,4.81,4.73,4.624,4.524,4.453,4.494,4.572,4.501,4.554,4.381,4.3,4.302,4.303,4.305,4.31,4.311,4.31,4.31,4.305,4.295,4.281,4.268,4.256,4.238,4.204,4.174,4.125,4.088,4.065,4.048,3.879,3.854,3.841,3.832,3.836,3.848,3.859,3.871
P43,Cyprus,0.509,0.515,0.521,0.528,0.535,0.541,0.548,0.554,0.559,0.568,0.579,0.595,0.611,0.626,0.639,0.645,0.656,0.666,0.675,0.683,0.69,0.698,0.706,0.714,0.723,0.733,0.744,0.758,0.776,0.797,0.819,0.84,0.862,0.866,0.858,0.847,0.848,0.855,0.864,0.876,0.888,0.896,0.905,0.921,0.921,0.929,0.937,0.944,0.951
P44,Czech Republic,0,0,0,0,0,0,0,0,0,0,0,0,0,0,0,10.333,10.321,10.309,10.299,10.29,10.278,10.232,10.201,10.193,10.195,10.199,10.224,10.254,10.343,10.426,10.462,10.487,10.505,10.516,10.512,10.538,10.579,10.61,10.65,10.694,10.702,10.517,10.828,11.001,11.087,11.054,11.021,10.987,10.952
P45,Denmark,5.122,5.124,5.119,5.116,5.112,5.111,5.116,5.125,5.129,5.13,5.135,5.146,5.162,5.181,5.197,5.216,5.251,5.275,5.295,5.314,5.33,5.349,5.368,5.384,5.398,5.411,5.427,5.447,5.476,5.511,5.535,5.561,5.581,5.603,5.627,5.66,5.707,5.749,5.781,5.806,5.823,5.84,5.873,5.893,5.912,5.932,5.953,5.974,5.996
P46,Djibouti,0,0,0,0,0,0,0,0,0,0,0.59,0.607,0.615,0.619,0.622,0.63,0.644,0.661,0.68,0.7,0.718,0.733,0.747,0.76,0.772,0.783,0.795,0.805,0.816,0.828,0.84,0.854,0.868,0.883,0.899,0.914,0.929,0.944,0.959,0.974,0.988,1.002,1.016,1.03,1.043,1.056,1.069,1.081,1.093
P47,Dominica,0,0.074,0.074,0.073,0.073,0.073,0.072,0.072,0.072,0.072,0.071,0.071,0.071,0.071,0.071,0.071,0.071,0.071,0.071,0.071,0.071,0.071,0.071,0.071,0.071,0.071,0.071,0.071,0.071,0.071,0.071,0.07,0.069,0.07,0.07,0.071,0.071,0.069,0.07,0.072,0.073,0.074,0.074,0.074,0.075,0.075,0.076,0.076,0.076
P48,Dominican Republic,5.652,5.781,5.916,6.056,6.202,6.353,6.509,6.669,6.828,6.979,7.118,7.242,7.375,7.511,7.642,7.771,7.897,8.023,8.152,8.276,8.398,8.513,8.628,8.745,8.858,8.968,9.071,9.174,9.28,9.38,9.479,9.58,9.681,9.785,9.883,9.98,10.075,10.169,10.266,10.358,10.448,10.539,10.631,10.724,10.817,10.911,11.006,11.102,11.199
P49,Ecuador,8.03,8.261,8.495,8.733,8.971,9.211,9.451,9.691,9.944,10.189,10.43,10.671,10.912,11.15,11.38,11.598,11.798,11.987,12.168,12.347,12.531,12.815,13.094,13.32,13.552,13.721,13.965,14.215,14.473,14.738,15.012,15.266,15.521,15.775,16.027,16.279,16.529,16.777,17.023,17.268,17.511,17.757,18.006,18.259,18.516,18.776,19.04,19.307,19.579
P50,Egypt,40.554,41.706,42.846,44.015,45.237,46.545,47.751,48.8,49.8,50.9,51.36,52.423,53.508,55.2,56.3,57.6,58.8,60.1,61.3,62.6,64,65.3,66.6,68,69.3,70.7,72.2,73.6,75.2,76.9,78.7,80.5,82.5,84.6,86.8,89,91,95.2,97.1,98.1,100.6,102.1,103.6,105.672,107.785,109.941,112.14,114.383,116.67
P51,El Salvador,4.848,4.903,4.942,4.971,5.002,5.042,5.093,5.155,5.227,5.31,5.402,5.476,5.552,5.631,5.693,5.748,5.797,5.843,5.885,5.924,5.959,5.988,6.011,6.027,6.036,6.038,6.034,6.044,6.068,6.091,6.114,6.137,6.161,6.186,6.21,6.231,6.251,6.267,6.276,6.28,6.293,6.314,6.336,6.359,6.381,6.403,6.426,6.449,6.471
P52,Equatorial Guinea,0.255,0.27,0.291,0.314,0.338,0.359,0.376,0.39,0.402,0.414,0.427,0.441,0.455,0.471,0.487,0.505,0.524,0.545,0.567,0.59,0.614,0.64,0.666,0.695,0.725,0.757,0.792,0.829,0.868,0.909,0.951,0.994,1.039,1.084,1.129,1.175,1.221,1.268,1.314,1.36,1.406,1.452,1.498,1.544,1.59,1.637,1.683,1.73,1.777
P53,Eritrea,0,0,0,0,0,0,0,0,0,0,0,0,2.258,2.239,2.218,2.204,2.196,2.195,2.206,2.237,2.292,2.375,2.481,2.601,2.72,2.827,2.918,2.997,3.063,3.12,3.17,3.214,3.25,3.281,3.311,3.343,3.377,3.413,3.453,3.497,0,0,0,0,0,0,0,0,0
P54,Estonia,0,0,0,0,0,0,0,0,0,1.553,1.558,1.555,1.543,1.499,1.465,1.437,1.416,1.4,1.386,1.39,1.397,1.388,1.379,1.371,1.363,1.355,1.347,1.341,1.337,1.335,1.331,1.327,1.323,1.318,1.315,1.315,1.316,1.317,1.322,1.327,1.33,1.331,1.349,1.348,1.348,1.347,1.345,1.344,1.342
P55,Eswatini,0.567,0.587,0.608,0.629,0.652,0.675,0.698,0.722,0.747,0.771,0.794,0.816,0.837,0.857,0.876,0.894,0.912,0.93,0.939,0.947,0.956,0.965,0.974,0.983,0.992,1.001,1.01,1.018,1.026,1.033,1.041,1.048,1.056,1.063,1.071,1.078,1.086,1.093,1.104,1.115,1.127,1.139,1.151,1.163,1.176,1.189,1.201,1.214,1.227
P56,Ethiopia,32.444,33.227,34.175,35.256,36.415,37.612,38.839,40.105,41.42,42.799,44.249,45.774,47.359,48.981,50.606,52.212,53.789,55.345,56.891,58.448,60.03,61.591,63.192,64.835,66.521,68.25,70.025,72.421,74.879,76.826,78.824,80.7,82.7,84.8,87,89.1,91.2,93.4,95.5,97.6,99.7,101.9,104.082,105.747,107.439,109.158,110.905,112.679,114.482
P57,Fiji,0.634,0.649,0.666,0.683,0.698,0.709,0.715,0.718,0.719,0.733,0.739,0.745,0.751,0.757,0.763,0.769,0.775,0.781,0.786,0.792,0.798,0.803,0.809,0.815,0.82,0.826,0.832,0.837,0.841,0.845,0.849,0.853,0.858,0.862,0.866,0.869,0.877,0.885,0.89,0.895,0.9,0.905,0.91,0.915,0.92,0.925,0.93,0.935,0.94
P58,Finland,4.771,4.788,4.812,4.842,4.87,4.894,4.911,4.926,4.939,4.954,4.974,4.998,5.029,5.055,5.078,5.099,5.117,5.132,5.147,5.16,5.171,5.181,5.195,5.206,5.22,5.237,5.256,5.277,5.3,5.326,5.351,5.375,5.401,5.427,5.451,5.472,5.487,5.503,5.513,5.518,5.525,5.534,5.548,5.608,5.633,5.64,5.644,5.645,5.641
P59,France,53.731,54.029,54.335,54.65,54.895,55.157,55.411,55.682,55.966,56.27,56.577,56.841,57.111,57.369,57.565,57.753,57.936,58.116,58.299,58.497,58.858,59.267,59.686,60.102,60.505,60.963,61.4,61.795,62.135,62.466,62.765,63.07,63.376,63.698,64.028,64.301,64.469,64.639,64.844,65.097,65.269,65.45,65.647,65.832,66.016,66.201,66.387,66.573,66.76
P60,Gabon,0.748,0.765,0.781,0.799,0.816,0.834,0.852,0.871,0.89,0.91,0.93,0.96,0.99,1.014,1.039,1.065,1.092,1.119,1.147,1.176,1.205,1.235,1.266,1.298,1.33,1.364,1.398,1.44,1.494,1.551,1.61,1.671,1.735,1.803,1.868,1.93,1.98,2.025,2.053,2.08,2.108,2.135,2.161,2.187,2.213,2.239,2.264,2.289,2.314
P61,Gambia,0.601,0.638,0.662,0.688,0.716,0.746,0.776,0.808,0.841,0.875,0.911,0.948,0.987,1.045,1.081,1.115,1.148,1.201,1.238,1.277,1.318,1.36,1.404,1.45,1.497,1.544,1.591,1.64,1.689,1.74,1.793,1.848,1.905,1.964,2.024,2.086,2.149,2.214,2.28,2.349,2.419,2.492,2.567,2.644,2.724,2.805,2.89,2.977,3.066
P62,Georgia,0,0,0,0,0,0,0,0,0,0,0,5.453,5.467,5.346,4.93,4.742,4.573,4.41,4.29,4.198,4.117,4.038,3.991,3.966,3.938,3.917,3.888,3.873,3.848,3.829,3.8,3.774,3.739,3.718,3.717,3.722,3.729,3.726,3.73,3.724,3.717,3.729,3.689,3.677,3.665,3.652,3.639,3.625,3.626
P63,Germany,76.843,76.988,76.933,76.664,76.355,76.166,76.219,76.233,76.697,77.463,78.949,79.973,80.5,80.946,81.147,81.308,81.466,81.51,81.446,81.423,81.457,81.518,81.579,81.549,81.456,81.337,81.174,80.993,80.764,80.483,80.285,80.276,80.426,80.646,80.983,81.687,82.349,82.657,82.906,83.093,83.161,83.196,83.798,83.861,83.889,83.881,83.838,83.782,83.715
P64,Ghana,10.704,10.961,11.226,11.501,12.296,12.572,12.859,13.155,13.462,13.779,14.106,14.443,14.791,15.15,15.52,15.902,16.297,16.703,17.121,17.55,18.912,19.397,19.883,20.371,20.859,21.367,21.876,22.388,22.901,23.417,24.659,25.261,25.867,26.479,27.092,27.707,28.324,28.94,29.555,30.168,30.779,31.394,32.082,32.902,33.743,34.605,35.49,36.397,37.328
P65,Greece,9.584,9.701,9.758,9.821,9.872,9.92,9.949,9.985,10.016,10.058,10.121,10.273,10.367,10.431,10.49,10.536,10.588,10.629,10.693,10.748,10.776,10.836,10.888,10.916,10.94,10.97,11.005,11.036,11.061,11.095,11.119,11.123,11.086,11.004,10.927,10.858,10.784,10.768,10.741,10.725,10.719,10.679,10.46,10.46,10.455,10.449,10.434,10.418,10.402
P66,Grenada,0.089,0.091,0.093,0.096,0.098,0.1,0.1,0.099,0.098,0.097,0.096,0.096,0.097,0.098,0.099,0.1,0.101,0.102,0.102,0.102,0.103,0.103,0.104,0.104,0.104,0.105,0.105,0.105,0.105,0.106,0.106,0.107,0.107,0.108,0.109,0.11,0.11,0.111,0.111,0.112,0.113,0.113,0.114,0.114,0.115,0.115,0.116,0.116,0.117
P67,Guatemala,7.211,7.394,7.582,7.776,7.975,8.18,8.39,8.604,8.822,9.042,9.264,9.483,9.709,9.939,10.172,10.408,10.647,10.888,11.134,11.387,11.651,11.925,12.209,12.5,12.797,13.096,13.397,13.7,14.006,14.316,14.63,14.949,15.271,15.596,15.923,16.252,16.583,16.915,17.248,17.581,17.916,18.274,18.637,19.005,19.379,19.759,20.146,20.542,20.948
P68,Guinea,0,0,0,0,0,0,0,0,0,0,6.02,6.352,6.734,7.136,7.514,7.837,8.095,8.296,8.457,8.601,8.746,8.895,9.046,9.205,9.38,9.576,9.799,10.047,10.315,10.593,10.876,11.162,11.451,11.745,12.044,12.345,12.654,12.97,13.294,13.627,13.967,14.317,14.674,15.041,15.417,15.803,16.198,16.603,17.018
P69,Guinea-Bissau,0.782,0.798,0.815,0.832,0.85,0.867,0.886,0.903,0.921,0.94,0.959,0.98,1.003,1.025,1.048,1.072,1.095,1.119,1.144,1.169,1.194,1.219,1.246,1.272,1.299,1.328,1.356,1.386,1.417,1.449,1.46,1.492,1.525,1.559,1.593,1.628,1.664,1.7,1.738,1.776,1.815,1.855,1.896,1.937,1.978,2.019,2.06,2.103,2.145
P70,Guyana,0.764,0.765,0.765,0.763,0.759,0.754,0.748,0.742,0.735,0.726,0.72,0.718,0.718,0.72,0.723,0.727,0.73,0.734,0.737,0.74,0.742,0.743,0.743,0.743,0.742,0.742,0.744,0.746,0.748,0.751,0.753,0.756,0.758,0.761,0.764,0.767,0.773,0.778,0.782,0.785,0.787,0.789,0.792,0.794,0.796,0.799,0.801,0.804,0.806
P71,Haiti,5.947,6.054,6.163,6.274,6.387,6.502,6.619,6.739,6.819,6.958,7.101,7.233,7.374,7.526,7.689,7.836,7.984,8.132,8.281,8.43,8.576,8.72,8.861,9.001,9.145,9.292,9.445,9.602,9.762,9.923,10.085,10.248,10.413,10.579,10.746,10.912,11.078,11.245,11.412,11.578,11.743,11.906,12.065,12.227,12.391,12.557,12.725,12.896,13.069
P72,Honduras,3.673,3.79,3.908,4.029,4.154,4.283,4.411,4.544,4.68,4.816,4.955,5.099,5.245,5.394,5.549,5.709,5.875,6.046,6.22,6.397,6.575,6.752,6.929,7.106,7.283,7.459,7.634,7.809,7.981,8.151,8.317,8.481,8.641,8.799,8.956,9.113,9.273,9.436,9.602,9.77,9.942,10.117,10.294,10.475,10.659,10.846,11.037,11.231,11.428
P73,Hong Kong,5.06,5.18,5.26,5.35,5.431,5.5,5.566,5.615,5.672,5.727,5.752,5.815,5.888,5.998,6.119,6.27,6.467,6.517,6.583,6.638,6.712,6.73,6.726,6.764,6.798,6.838,6.904,6.938,6.964,6.996,7.052,7.11,7.171,7.211,7.253,7.31,7.378,7.415,7.488,7.521,7.427,7.402,7.473,7.535,7.588,7.632,7.676,7.721,7.766
P74,Hungary,10.71,10.706,10.695,10.672,10.641,10.599,10.56,10.509,10.464,10.422,10.375,10.373,10.374,10.365,10.35,10.337,10.321,10.301,10.28,10.253,10.222,10.2,10.175,10.142,10.117,10.098,10.077,10.066,10.045,10.031,10.014,9.986,9.932,9.909,9.877,9.856,9.83,9.798,9.778,9.773,9.77,9.731,9.689,9.671,9.657,9.647,9.641,9.64,9.639
P75,Iceland,0.227,0.229,0.232,0.236,0.238,0.241,0.242,0.244,0.248,0.252,0.254,0.256,0.26,0.262,0.265,0.267,0.268,0.27,0.272,0.276,0.279,0.283,0.287,0.288,0.291,0.294,0.3,0.308,0.315,0.319,0.318,0.318,0.32,0.322,0.326,0.329,0.333,0.338,0.348,0.357,0.364,0.369,0.376,0.388,0.389,0.389,0.394,0.398,0.402
P76,India,696.828,712.869,729.169,745.827,762.895,780.242,797.879,815.716,833.73,852.013,870.452,888.942,907.574,926.351,945.262,964.279,983.281,1002.335,1021.435,1040.5,1059.634,1078.971,1098.313,1117.415,1136.265,1154.639,1172.374,1189.692,1206.735,1223.64,1240.614,1257.621,1274.487,1291.132,1307.247,1322.867,1338.636,1354.196,1369.003,1383.112,1396.387,1407.564,1417.173,1428.628,1441.72,1454.607,1467.231,1479.579,1491.671
P77,Indonesia,147.49,150.406,153.379,156.41,159.502,162.655,165.87,169.149,172.492,175.902,179.379,182.354,185.378,188.452,191.578,194.755,197.004,199.28,201.581,203.909,206.265,209.206,212.19,215.216,218.285,221.398,224.555,227.758,231.006,234.3,237.641,241.991,245.425,248.818,252.165,255.588,258.497,261.356,264.162,266.912,270.204,272.249,274.859,277.432,279.965,282.455,284.896,287.285,289.62
P78,Iran,39.291,40.826,42.42,44.077,45.798,47.587,49.445,50.662,51.909,53.187,54.496,55.837,56.656,57.488,58.331,59.187,60.055,60.994,61.842,62.512,63.515,64.584,65.657,67.315,68.345,69.39,70.496,71.532,72.266,73.196,74.157,75.15,76.038,77.016,77.97,78.94,79.926,81.07,82.084,83.075,84.038,84.841,85.69,86.547,87.412,88.286,89.169,90.061,90.961
P79,Iraq,0,0,0,0,0,0,0,0,0,0,0,0,0,0,0,0,0,0,0,0,0,0,0,25.96,26.674,27.377,28.064,28.741,29.43,30.163,30.962,31.76,32.578,33.417,35,35.213,36.169,37.14,38.124,39.115,40.132,41.176,42.246,43.345,44.472,45.628,46.814,48.032,49.28
P80,Ireland,3.427,3.47,3.507,3.531,3.556,3.567,3.568,3.574,3.558,3.536,3.533,3.553,3.582,3.601,3.613,3.629,3.654,3.692,3.731,3.774,3.829,3.889,3.956,4.021,4.1,4.2,4.321,4.445,4.516,4.547,4.568,4.585,4.605,4.631,4.667,4.714,4.771,4.825,4.886,4.949,4.992,5.037,5.165,5.252,5.336,5.395,5.454,5.514,5.575
P81,Israel,3.92,3.948,4.018,4.104,4.157,4.231,4.296,4.366,4.439,4.516,4.658,4.946,5.124,5.259,5.395,5.542,5.682,5.824,5.967,6.117,6.286,6.436,6.567,6.687,6.806,6.927,7.052,7.176,7.307,7.482,7.621,7.763,7.985,8.135,8.297,8.463,8.629,8.798,8.968,9.141,9.29,9.453,9.662,9.807,9.986,10.168,10.354,10.543,10.736
P82,Italy,56.388,56.479,56.524,56.563,56.565,56.588,56.598,56.594,56.609,56.649,56.694,56.744,56.773,56.821,56.842,56.844,56.844,56.876,56.904,56.909,56.924,56.961,56.993,57.186,57.612,58.044,58.289,58.511,59.002,59.421,59.69,59.948,60.105,60.277,60.346,60.295,60.164,60.067,59.938,59.817,59.641,59.236,59.03,58.851,58.678,58.499,58.315,58.125,57.93
P83,Jamaica,2.112,2.15,2.186,2.23,2.235,2.269,2.29,2.306,2.32,2.324,2.365,2.381,2.399,2.419,2.44,2.462,2.485,2.509,2.534,2.559,2.582,2.605,2.62,2.629,2.639,2.648,2.658,2.667,2.677,2.686,2.696,2.703,2.71,2.713,2.716,2.719,2.722,2.726,2.731,2.734,2.737,2.74,2.743,2.747,2.75,2.753,2.756,2.759,2.762
P84,Japan,116.769,117.623,118.451,119.271,120.05,120.8,121.446,122.031,122.548,123.028,123.438,123.928,124.367,124.77,125.116,125.436,125.711,126.011,126.349,126.587,126.831,127.132,127.4,127.634,127.734,127.752,127.746,127.757,127.692,127.551,127.594,127.831,127.552,127.333,127.12,126.978,126.96,126.746,126.495,126.221,125.849,125.507,125.171,124.621,124.04,123.43,122.795,122.136,121.456
P85,Jordan,2.378,2.465,2.564,2.671,2.784,2.9,3.015,3.132,3.257,3.399,3.566,3.76,3.978,4.202,4.41,4.589,4.733,4.849,4.944,5.032,5.122,5.217,5.318,5.434,5.58,5.766,5.992,6.255,6.556,6.893,7.262,7.663,8.09,8.519,8.919,9.267,9.554,9.786,9.965,10.102,10.203,10.269,10.301,10.312,10.321,10.34,10.375,10.426,10.655
P86,Kazakhstan,0,0,0,0,0,0,0,0,0,0,0,0,17.048,16.9,15.8,15.676,15.481,15.188,14.955,14.902,14.866,14.851,14.867,14.951,15.075,15.219,15.397,15.572,15.982,16.203,16.441,16.674,16.91,17.161,17.416,17.67,17.918,18.157,18.396,18.632,18.877,19.503,19.767,19.994,20.214,20.426,20.641,20.847,21.056
P87,Kenya,15.721,16.308,16.9,17.5,18.1,18.7,19.3,20,20.7,21.4,22,22.7,23.4,24.1,24.8,25.5,26.3,27,27.8,28.7,29.5,30.3,31.1,32,32.9,33.8,34.7,35.7,36.7,37.7,38.6,39.5,40.4,41.4,42.4,43.3,44.3,45.4,46.4,47.6,48.797,49.747,50.64,51.539,52.444,53.354,54.269,55.189,56.114
P88,Kiribati,0.059,0.06,0.061,0.062,0.063,0.064,0.066,0.067,0.069,0.071,0.072,0.074,0.075,0.076,0.077,0.078,0.079,0.08,0.082,0.083,0.084,0.086,0.087,0.089,0.09,0.092,0.094,0.097,0.099,0.101,0.103,0.105,0.106,0.108,0.109,0.111,0.113,0.114,0.116,0.118,0.119,0.121,0.123,0.125,0.127,0.129,0.13,0.132,0.134
P89,South Korea,38.124,38.723,39.326,39.91,40.406,40.806,41.214,41.622,42.031,42.449,42.869,43.296,43.748,44.195,44.642,45.093,45.525,45.954,46.287,46.617,47.008,47.37,47.645,47.892,48.083,48.185,48.438,48.684,49.055,49.308,49.554,49.937,50.2,50.429,50.747,51.015,51.218,51.362,51.585,51.765,51.836,51.745,51.635,51.565,51.505,51.455,51.405,51.355,51.305
P90,North Korea,38.124,38.723,39.326,39.91,40.406,40.806,41.214,41.622,42.031,42.449,42.869,43.296,43.748,44.195,44.642,45.093,45.525,45.954,46.287,46.617,47.008,47.37,47.645,47.892,48.083,48.185,48.438,48.684,49.055,49.308,49.554,49.937,50.2,50.429,50.747,51.015,51.218,51.362,51.585,51.765,51.836,51.745,51.635,51.565,51.505,51.455,51.405,51.355,51.305
P91,Kuwait,0,0,0,0,0,0,0,0,0,0,0,0,0,1.646,1.83,1.959,2.094,2.209,2.271,2.255,2.217,2.309,2.42,2.547,2.754,2.991,3.183,3.4,3.442,3.485,3.582,3.697,3.824,3.965,4.092,4.239,4.411,4.5,4.622,4.776,4.671,4.764,4.86,4.957,5.056,5.157,5.26,5.366,5.473
P92,Kyrgyzstan,0,0,0,0,0,0,0,0,0,0,0,0,4.411,4.485,4.505,4.525,4.596,4.661,4.732,4.806,4.875,4.922,4.968,5.013,5.073,5.136,5.189,5.248,5.289,5.348,5.418,5.478,5.552,5.663,5.777,5.895,6.019,6.14,6.257,6.389,6.517,6.654,6.795,6.931,7.077,7.227,7.372,7.527,7.686
P93,Laos,3.272,3.335,3.412,3.5,3.595,3.694,3.798,3.906,4.018,4.133,4.289,4.416,4.545,4.675,4.801,4.923,5.039,5.151,5.247,5.34,5.431,5.52,5.606,5.689,5.768,5.853,5.947,6.041,6.136,6.23,6.323,6.416,6.509,6.601,6.691,6.787,6.891,6.998,7.105,7.212,7.319,7.425,7.477,7.582,7.686,7.788,7.889,7.988,8.086
P94,Latvia,0,0,0,0,0,0,0,0,0,0,0,0,2.677,2.669,2.627,2.501,2.47,2.445,2.421,2.399,2.382,2.353,2.321,2.299,2.277,2.25,2.228,2.209,2.192,2.163,2.121,2.075,2.045,2.024,2.001,1.986,1.969,1.95,1.934,1.92,1.908,1.893,1.876,1.872,1.868,1.865,1.861,1.857,1.853
P95,Lebanon,2.589,2.594,2.606,2.622,2.638,2.652,2.661,2.668,2.685,2.726,2.803,2.922,3.076,3.246,3.403,3.528,3.611,3.658,3.694,3.748,3.843,3.991,4.182,4.388,4.569,4.699,4.76,4.767,4.765,4.813,4.953,5.202,5.538,5.913,6.261,6.533,6.714,6.819,6.859,6.856,6.825,6.725,6.633,0,0,0,0,0,0
P96,Lesotho,1.281,1.315,1.349,1.384,1.358,1.39,1.425,1.492,1.532,1.576,1.621,1.643,1.708,1.749,1.786,1.877,1.862,1.864,1.865,1.867,1.868,1.869,1.871,1.872,1.874,1.875,1.877,1.889,1.902,1.915,1.928,1.941,1.954,1.967,1.98,1.994,2.007,2.021,2.034,2.048,2.062,2.087,2.112,2.138,2.164,2.19,2.216,2.243,2.27
P97,Liberia,1.853,1.919,1.989,2.057,2.112,2.146,2.158,2.153,2.134,2.106,2.076,2.04,2.002,1.977,1.986,2.045,2.16,2.326,2.517,2.7,2.848,2.954,3.025,3.077,3.136,3.218,3.329,3.462,3.608,3.754,3.891,4.017,4.136,4.248,4.36,4.472,4.587,4.702,4.819,4.937,5.058,5.18,5.305,5.432,5.561,5.692,5.825,5.959,6.095
P98,Libya,2.988,3.126,3.273,3.411,3.558,3.539,3.676,3.834,4.325,4.522,4.26,4.36,4.46,4.56,4.65,4.75,4.84,4.92,5.01,5.09,5.18,5.26,5.34,5.42,5.51,5.59,5.69,5.78,5.88,5.96,6.041,5.923,6.283,6.266,6.259,6.322,6.385,6.448,6.513,6.578,6.644,6.71,6.777,6.845,6.913,6.982,7.052,7.122,7.194
P99,Lithuania,0,0,0,0,0,0,0,0,0,0,0,0,0,0,0,3.629,3.602,3.575,3.549,3.524,3.5,3.471,3.443,3.415,3.377,3.323,3.27,3.231,3.198,3.163,3.097,3.028,2.988,2.958,2.932,2.905,2.868,2.828,2.802,2.794,2.795,2.801,2.817,2.789,2.764,2.739,2.714,2.693,2.671
P100,Luxembourg,0.364,0.365,0.366,0.366,0.366,0.367,0.368,0.371,0.374,0.378,0.382,0.387,0.392,0.398,0.404,0.406,0.412,0.417,0.422,0.427,0.434,0.439,0.444,0.448,0.455,0.461,0.469,0.476,0.484,0.494,0.502,0.512,0.525,0.537,0.55,0.563,0.576,0.591,0.602,0.614,0.626,0.635,0.645,0.657,0.67,0.684,0.697,0.711,0.725
P101,China,0,0,0,0,0,0,0,0,0,0,0,0,0,0,0,0,0,0,0,0,0,0.436,0.441,0.447,0.463,0.484,0.513,0.538,0.549,0.542,0.552,0.557,0.582,0.608,0.636,0.647,0.645,0.653,0.667,0.68,0.683,0.683,0.697,0.709,0.721,0.729,0.737,0.742,0.746
P102,Madagascar,8.679,8.911,9.15,9.395,9.647,9.906,10.171,10.444,10.724,11.011,11.306,11.609,11.92,12.239,12.607,12.987,13.378,13.78,14.195,14.622,15.063,15.516,15.983,16.464,16.96,17.47,17.996,18.538,19.096,19.67,20.262,20.872,21.501,22.148,22.814,23.501,24.209,24.937,25.674,26.525,27.34,28.178,28.961,29.766,30.594,31.444,32.319,33.217,34.141
P103,Malawi,6.564,6.748,6.923,7.116,7.368,7.7,8.133,8.647,9.185,9.667,10.039,10.275,10.4,10.461,10.533,10.666,10.876,11.148,11.458,11.774,12.07,12.343,12.813,13.098,13.385,13.654,14.043,14.439,14.846,15.274,15.714,16.166,16.632,17.111,17.604,18.111,18.632,19.169,19.721,20.289,20.873,21.474,22.093,22.729,23.384,24.057,24.75,25.463,26.196
P104,Malaysia,13.885,14.229,14.592,14.955,15.328,15.823,16.257,16.681,17.094,17.508,18.267,18.547,19.068,19.602,20.142,20.682,21.223,21.769,22.334,22.91,23.495,24.123,24.727,25.32,25.905,26.477,26.832,27.1,27.6,28.082,28.589,29.062,29.51,30.214,30.709,31.186,31.634,32.023,32.382,32.523,32.447,32.576,32.652,33.059,33.46,33.852,34.234,34.606,34.968
P105,Maldives,0.152,0.158,0.163,0.169,0.175,0.182,0.189,0.193,0.198,0.204,0.212,0.222,0.228,0.234,0.24,0.245,0.25,0.255,0.261,0.266,0.27,0.276,0.281,0.285,0.289,0.294,0.299,0.305,0.31,0.315,0.32,0.325,0.331,0.336,0.342,0.348,0.354,0.36,0.366,0.372,0.378,0.384,0.391,0.397,0.404,0.411,0.418,0.425,0.432
P106,Mali,7.373,7.533,7.696,7.864,8.03,8.188,8.335,8.474,8.617,8.774,8.945,9.124,9.311,9.507,9.712,9.921,10.132,10.359,10.62,10.917,11.239,11.584,11.953,12.342,12.752,13.181,13.624,14.081,14.551,15.033,15.529,16.04,16.515,17.004,17.552,18.113,18.7,19.311,19.934,20.567,21.23,21.915,22.621,23.348,24.101,24.877,25.678,26.505,27.359
P107,Malta,0.315,0.318,0.32,0.332,0.329,0.332,0.341,0.343,0.346,0.349,0.352,0.362,0.366,0.369,0.373,0.376,0.378,0.381,0.384,0.386,0.389,0.391,0.395,0.397,0.4,0.403,0.405,0.406,0.408,0.411,0.414,0.415,0.418,0.423,0.429,0.44,0.45,0.46,0.476,0.494,0.515,0.516,0.521,0.525,0.527,0.53,0.533,0.535,0.538
P108,Marshall Islands,0,0,0,0,0,0,0,0,0,0,0,0,0,0,0,0,0,0.049,0.05,0.051,0.051,0.051,0.05,0.05,0.05,0.051,0.051,0.052,0.052,0.052,0.053,0.053,0.053,0.052,0.051,0.05,0.049,0.047,0.045,0.044,0.044,0.044,0.045,0.045,0.045,0.046,0.046,0.047,0.047
P109,Mauritania,0,0,0,0,0,0,0,0,0,0,1.996,2.05,2.108,2.167,2.228,2.292,2.358,2.425,2.495,2.568,2.643,2.72,2.8,2.882,2.965,3.047,2.953,3.036,3.119,3.202,3.285,3.369,3.454,3.537,3.621,3.706,3.794,3.881,3.97,4.058,4.147,4.24,4.334,4.43,4.529,4.629,4.732,4.837,4.944
P110,Mauritius,0.966,0.98,0.993,1.002,1.012,1.021,1.028,1.036,1.043,1.051,1.059,1.07,1.084,1.097,1.113,1.122,1.134,1.148,1.16,1.175,1.187,1.196,1.205,1.213,1.221,1.228,1.234,1.24,1.244,1.247,1.25,1.252,1.256,1.259,1.261,1.263,1.264,1.265,1.266,1.265,1.266,1.264,1.261,1.261,1.261,1.261,1.261,1.261,1.26
P111,Mexico,67.561,69.268,70.973,72.672,74.359,76.031,77.69,79.339,80.971,82.579,84.17,85.749,87.312,88.851,90.363,91.844,93.295,94.721,96.117,97.483,98.785,100.105,101.494,102.89,104.272,105.669,107.155,108.745,110.405,112.095,113.749,115.367,116.936,118.454,119.936,121.348,122.715,124.042,125.328,126.578,127.792,128.972,130.118,131.23,132.308,133.352,134.363,135.34,136.324
P112,Micronesia,0,0,0,0,0,0,0,0,0,0,0,0,0,0,0,0.106,0.106,0.106,0.107,0.107,0.107,0.107,0.106,0.106,0.106,0.106,0.105,0.104,0.104,0.103,0.103,0.103,0.103,0.103,0.104,0.104,0.104,0.104,0.104,0.104,0.105,0.105,0.105,0.105,0.105,0.106,0.106,0.106,0.106
P113,Moldova,0,0,0,0,0,0,0,0,0,0,0,0,2.977,2.969,2.973,2.97,2.96,2.95,2.946,2.941,2.934,2.928,2.92,2.911,2.906,2.897,2.89,2.883,2.879,2.876,2.873,2.873,2.873,2.871,2.869,2.845,2.824,2.78,2.73,2.682,2.634,2.587,2.541,2.496,2.451,2.408,2.365,2.323,2.281
P114,Mongolia,0,0,0,0,0,0,0,0,0,0,2.078,2.129,2.169,2.189,2.21,2.243,2.276,2.307,2.34,2.373,2.403,2.432,2.466,2.495,2.522,2.551,2.583,2.62,2.666,2.716,2.761,2.812,2.868,2.93,2.996,3.058,3.12,3.178,3.238,3.297,3.358,3.41,3.461,3.512,3.562,3.61,3.659,3.709,3.759
P115,Montenegro,0,0,0,0,0,0,0,0,0,0,0,0,0,0,0,0,0,0,0,0,0.605,0.607,0.61,0.612,0.613,0.614,0.615,0.616,0.617,0.618,0.619,0.62,0.621,0.621,0.622,0.622,0.622,0.622,0.622,0.622,0.621,0.622,0.622,0.622,0.623,0.623,0.624,0.624,0.625
P116,Morocco,19.432,19.938,20.459,20.944,21.441,21.951,22.469,23.002,23.528,24.075,24.167,24.634,25.095,25.549,25.996,26.384,26.761,27.14,27.519,27.9,28.283,28.666,29.051,29.438,29.826,30.215,30.606,30.998,31.391,31.786,32.182,32.579,32.978,33.378,33.77,34.125,34.487,34.852,35.22,35.587,35.952,36.313,36.669,37.022,37.37,37.712,38.05,38.381,38.706
P117,Mozambique,11.63,11.913,12.19,12.44,12.636,12.764,12.809,12.786,12.758,12.806,12.987,13.328,13.806,14.371,14.948,15.483,15.96,16.397,16.814,17.244,17.712,18.222,18.764,19.331,19.911,20.494,21.08,21.673,22.277,22.895,23.532,24.188,24.863,25.561,26.286,27.042,27.83,28.649,29.424,30.286,31.178,32.077,32.97,33.897,34.858,35.835,36.826,37.831,38.85
P118,Myanmar,0,0,0,0,0,0,0,0,0,0,0,0,0,0,0,0,0,0,44.345,44.981,45.585,46.126,46.59,46.977,47.304,47.598,47.887,48.186,48.496,48.818,49.159,49.521,49.909,50.324,50.758,51.199,51.633,52.05,52.449,52.832,53.199,53.55,53.886,54.205,54.506,54.789,55.054,55.301,55.53
P119,Namibia,0,0,0,0,0,0,0,0,0,1.284,1.345,1.403,1.455,1.504,1.549,1.594,1.643,1.696,1.75,1.805,1.828,1.83,1.86,1.891,1.923,1.957,1.992,1.994,2.024,2.054,2.085,2.116,2.155,2.196,2.238,2.281,2.324,2.369,2.414,2.459,2.504,2.55,2.596,2.643,2.69,2.738,2.788,2.838,2.889
P120,Nauru,0,0,0,0,0,0,0,0,0,0,0,0,0,0,0,0,0,0,0,0,0,0,0,0,0.01,0.01,0.009,0.009,0.009,0.01,0.01,0.01,0.01,0.011,0.011,0.012,0.012,0.013,0.012,0.012,0.012,0.012,0.013,0.013,0.013,0.013,0.014,0.014,0.014
P121,Nepal,15.63,15.994,16.369,16.754,17.145,17.541,17.937,18.326,18.721,19.145,19.617,20.131,20.702,21.267,21.795,22.306,22.784,23.249,23.703,24.143,24.56,24.956,25.332,25.683,26.004,26.285,26.519,26.714,26.882,27.027,27.162,27.266,27.331,27.382,27.462,27.61,27.861,28.183,28.507,28.832,29.349,29.748,30.152,30.562,30.978,31.399,31.826,32.259,32.698
P122,Netherlands,14.091,14.209,14.286,14.34,14.395,14.454,14.529,14.615,14.715,14.805,14.893,15.01,15.129,15.239,15.342,15.424,15.494,15.567,15.654,15.76,15.864,15.987,16.105,16.193,16.258,16.306,16.334,16.358,16.405,16.486,16.575,16.656,16.73,16.78,16.829,16.901,16.979,17.082,17.181,17.282,17.408,17.475,17.591,17.691,17.761,17.811,17.861,17.911,17.961
P123,New Zealand,3.108,3.125,3.149,3.179,3.211,3.242,3.272,3.301,3.331,3.366,3.406,3.496,3.533,3.574,3.622,3.676,3.734,3.783,3.816,3.837,3.86,3.887,3.951,4.028,4.089,4.136,4.185,4.226,4.262,4.305,4.353,4.386,4.411,4.447,4.52,4.613,4.717,4.815,4.902,4.986,5.086,5.111,5.125,5.188,5.242,5.296,5.351,5.406,5.461
P124,Nicaragua,0,0,0,0,0,0,0,0,0,0,0,0,0,0,4.299,4.427,4.549,4.669,4.763,4.859,4.957,5.059,5.162,5.268,5.375,5.483,5.523,5.596,5.669,5.77,5.843,5.916,6.094,6.158,6.222,6.287,6.353,6.419,6.485,6.553,6.496,6.539,6.607,6.676,6.746,6.816,6.887,6.959,7.031
P125,Niger,5.794,5.991,6.199,6.415,6.634,6.854,7.076,7.303,7.534,7.772,8.019,8.282,8.564,8.861,9.171,9.49,9.827,10.178,10.546,10.93,11.332,11.751,12.19,12.648,13.126,13.624,14.144,14.685,15.251,15.843,16.464,17.115,17.795,18.504,19.24,20.002,20.789,21.602,22.443,23.311,24.207,25.131,26.084,27.066,28.08,29.126,30.204,31.315,32.458
P126,Nigeria,73.424,75.441,77.428,79.415,81.449,83.563,85.766,88.048,90.395,92.788,95.212,97.668,100.162,102.701,105.294,107.948,110.669,113.458,116.32,119.26,122.284,125.394,128.596,131.901,135.32,138.865,142.538,146.34,150.27,154.325,158.503,162.805,167.229,171.766,176.405,181.137,185.96,190.873,195.875,200.964,206.14,211.401,216.747,222.182,227.713,233.343,239.073,244.902,250.83
P127,North Macedonia,0,0,0,0,0,0,0,0,0,0,0,0,1.933,1.942,1.952,1.963,1.977,1.983,1.993,2.002,2.01,2.016,2.022,2.026,2.033,2.037,2.042,2.045,2.049,2.053,2.057,2.06,2.062,2.066,2.069,2.071,2.074,2.075,2.077,2.076,2.069,2.065,2.06,2.06,2.06,2.06,2.06,2.06,2.06
P128,Norway,4.092,4.107,4.123,4.134,4.146,4.159,4.174,4.198,4.221,4.233,4.25,4.274,4.299,4.325,4.348,4.37,4.393,4.413,4.441,4.473,4.501,4.519,4.547,4.573,4.599,4.632,4.672,4.722,4.787,4.843,4.908,4.973,5.038,5.096,5.156,5.205,5.252,5.29,5.324,5.357,5.385,5.415,5.475,5.508,5.541,5.574,5.608,5.641,5.675
P129,Oman,1.357,1.47,1.47,1.583,1.696,1.696,1.809,1.922,1.922,2.035,1.843,1.91,1.979,2.047,2.112,2.172,2.225,2.274,2.318,2.361,2.402,2.443,2.484,2.526,2.57,2.618,2.67,2.726,2.785,2.883,2.998,3.295,3.623,3.855,3.992,4.159,4.414,4.56,4.602,4.618,4.445,4.527,4.934,5.092,5.255,5.423,5.597,5.776,5.96
P130,Pakistan,83.131,85.59,88.121,90.653,93.184,95.735,98.327,100.939,103.581,106.244,109.32,111.74,116.47,119.5,122.56,125.64,128.75,131.88,135.03,138.19,142.24,145.17,148.07,151.78,154.78,157.75,160.69,163.59,170.3,173.94,177.61,181.31,185.04,188.78,192.57,196.37,200.19,205.17,209.75,213.95,218.24,222.59,227.027,231.552,236.167,240.875,245.676,250.573,255.567
P131,Palau,0,0,0,0,0,0,0,0,0,0,0,0,0,0,0,0,0,0,0,0,0.019,0.019,0.019,0.02,0.02,0.02,0.02,0.019,0.019,0.019,0.018,0.018,0.018,0.017,0.017,0.018,0.018,0.018,0.018,0.018,0.018,0.018,0.018,0.018,0.018,0.018,0.018,0.018,0.018
P132,Panama,1.982,2.03,2.078,2.127,2.176,2.225,2.274,2.324,2.374,2.424,2.474,2.527,2.581,2.636,2.691,2.747,2.804,2.862,2.921,2.98,3.041,3.102,3.164,3.227,3.289,3.351,3.413,3.476,3.538,3.6,3.662,3.724,3.788,3.851,3.913,3.975,4.037,4.098,4.159,4.219,4.279,4.337,4.395,4.453,4.51,4.566,4.621,4.677,4.734
P133,Papua New Guinea,2.96,3.04,3.11,3.18,3.25,3.33,3.4,3.35,3.45,3.6,3.758,3.875,4.181,4.288,4.401,4.52,4.64,4.761,4.883,5.006,5.13,5.256,5.384,5.515,5.647,5.781,5.917,6.056,6.196,6.339,6.684,7.047,7.431,7.593,7.756,7.92,8.085,8.254,8.426,8.601,8.781,11.782,12.027,12.278,12.534,12.796,13.062,13.335,13.613
P134,Paraguay,3.151,3.245,3.342,3.442,3.545,3.652,3.767,3.887,4.01,4.138,4.138,4.406,4.496,4.588,4.681,4.777,4.874,4.974,5.075,5.179,5.284,5.385,5.485,5.583,5.682,5.78,5.877,5.975,6.072,6.169,6.266,6.363,6.461,6.559,6.657,6.756,6.855,6.954,7.053,7.153,7.253,7.353,7.454,7.555,7.656,7.758,7.862,7.966,8.073
P135,Peru,17.333,17.769,18.206,18.644,19.084,19.526,19.973,20.425,20.878,21.326,21.765,22.204,22.64,23.073,23.502,23.926,24.348,24.768,25.182,25.589,25.984,26.367,26.739,27.103,27.46,27.811,28.151,28.482,28.807,29.132,29.462,29.798,30.136,30.475,30.814,31.152,31.489,31.826,32.162,33.162,33.494,33.829,34.167,34.509,34.854,35.202,35.554,35.91,36.269
P136,Philippines,47.88,49.089,50.318,51.586,52.864,54.172,55.49,56.877,58.165,59.553,60.94,62.36,63.82,65.32,66.84,68.41,71.9,73.53,75.36,76.99,76.95,78.61,80.27,81.91,83.55,85.17,86.79,88.39,89.98,91.56,93.14,94.7,96.25,97.79,99.31,100.83,102.53,104.17,105.76,107.29,108.77,110.2,111.57,112.893,114.164,115.378,116.605,117.845,119.099
P137,Poland,35.567,35.887,36.216,36.731,37.049,37.327,37.558,37.75,37.786,37.824,38.186,38.286,38.386,38.501,38.581,38.581,38.609,38.639,38.66,38.667,38.263,38.254,38.242,38.219,38.191,38.174,38.157,38.125,38.116,38.136,38.023,38.063,38.064,38.063,38.018,38.006,37.967,37.973,37.977,37.973,37.958,37.84,37.654,37.609,37.554,37.49,37.417,37.342,37.267
P138,Portugal,9.766,9.851,9.912,9.958,9.996,10.024,10.033,10.03,10.02,10.005,9.983,9.96,9.953,9.965,9.992,10.026,10.064,10.109,10.16,10.218,10.29,10.363,10.42,10.459,10.484,10.503,10.522,10.543,10.558,10.568,10.573,10.558,10.515,10.457,10.401,10.358,10.326,10.3,10.284,10.286,10.297,10.288,10.274,10.284,10.295,10.269,10.243,10.217,10.191
P139,Puerto Rico,3.203,3.229,3.257,3.286,3.317,3.349,3.382,3.417,3.454,3.492,3.528,3.551,3.575,3.6,3.627,3.655,3.685,3.716,3.748,3.782,3.811,3.819,3.824,3.826,3.827,3.821,3.805,3.783,3.761,3.74,3.722,3.679,3.634,3.593,3.535,3.474,3.411,3.3,3.2,3.2,3.159,3.2,3.184,3.168,3.152,3.136,3.121,3.105,3.09
P140,Qatar,0.245,0.265,0.285,0.306,0.326,0.345,0.362,0.377,0.392,0.408,0.477,0.485,0.49,0.492,0.495,0.501,0.512,0.529,0.55,0.572,0.594,0.612,0.63,0.66,0.72,0.821,0.968,1.152,1.554,1.639,1.715,1.733,1.833,2.004,2.216,2.438,2.618,2.725,2.76,2.799,2.834,2.748,2.831,2.873,2.902,2.916,2.931,2.946,2.96
P141,Romania,22.442,22.576,22.683,22.775,22.868,22.971,23.093,23.224,23.346,23.431,23.459,23.423,23.333,23.205,23.064,22.927,22.8,22.679,22.565,22.458,22.455,22.43,21.833,21.628,21.521,21.382,21.257,21.131,20.635,20.44,20.295,20.199,20.096,20.02,19.947,19.871,19.761,19.644,19.533,19.414,19.329,19.202,19.042,19.03,18.944,18.832,18.715,18.593,18.467
P142,Russia,0,0,0,0,0,0,0,0,0,146.995,147.564,148.036,148.318,148.431,148.412,148.289,148.074,147.768,147.539,146.89,146.304,145.649,144.964,144.334,143.801,143.237,142.863,142.748,142.737,142.834,142.865,143.056,143.347,143.667,146.267,146.545,146.804,146.88,146.781,146.749,146.171,145.558,143.442,143.204,142.924,142.607,142.253,141.866,141.449
P143,Rwanda,5.101,5.288,5.486,5.694,5.832,6.03,6.237,6.455,6.682,6.91,7.073,7.29,7.295,6.847,6.346,5.992,5.925,6.203,6.769,7.5,7.7,7.9,8.1,8.3,8.6,8.8,9,9.2,9.5,9.7,10,10.2,10.483,10.737,10.997,11.263,11.533,11.809,12.09,12.374,12.663,12.956,13.246,13.499,13.857,14.162,14.471,14.786,15.053
P144,Saint Kitts and Nevis,0.043,0.043,0.043,0.043,0.042,0.042,0.042,0.041,0.041,0.041,0.041,0.041,0.041,0.042,0.042,0.043,0.043,0.044,0.044,0.045,0.045,0.046,0.047,0.047,0.048,0.049,0.049,0.05,0.05,0.051,0.051,0.052,0.053,0.053,0.054,0.054,0.055,0.055,0.056,0.057,0.057,0.058,0.058,0.059,0.059,0.06,0.061,0.061,0.062
P145,Saint Lucia,0.124,0.126,0.127,0.129,0.131,0.133,0.135,0.137,0.139,0.14,0.142,0.144,0.146,0.149,0.151,0.152,0.154,0.155,0.157,0.158,0.16,0.161,0.162,0.163,0.164,0.165,0.166,0.168,0.169,0.17,0.171,0.172,0.173,0.174,0.175,0.176,0.176,0.177,0.178,0.179,0.179,0.18,0.181,0.182,0.183,0.184,0.185,0.187,0.188
P146,Saint Vincent and the Grenadines,0.098,0.099,0.1,0.101,0.102,0.102,0.103,0.104,0.104,0.105,0.106,0.106,0.107,0.107,0.107,0.107,0.107,0.107,0.107,0.108,0.108,0.108,0.108,0.108,0.108,0.108,0.108,0.109,0.109,0.109,0.109,0.109,0.109,0.109,0.11,0.11,0.11,0.11,0.111,0.111,0.111,0.111,0.111,0.111,0.111,0.111,0.111,0.111,0.112
P147,Samoa,0,0,0,0,0,0,0,0,0,0,0,0,0,0,0,0,0,0,0.173,0.174,0.174,0.175,0.176,0.177,0.179,0.18,0.181,0.182,0.183,0.185,0.186,0.187,0.189,0.191,0.192,0.194,0.195,0.195,0.196,0.197,0.198,0.2,0.201,0.202,0.204,0.205,0.206,0.208,0.209
P148,San Marino,0,0,0,0,0,0,0,0,0,0,0,0,0,0,0,0,0,0,0,0,0,0,0,0,0.029,0.029,0.03,0.03,0.03,0.031,0.031,0.032,0.032,0.032,0.033,0.033,0.033,0.033,0.033,0.034,0.034,0.034,0.034,0.034,0.034,0.034,0.034,0.035,0.035
P149,Saudi Arabia,8.419,8.841,9.283,9.748,10.235,10.748,11.285,11.85,12.443,13.066,13.72,14.442,14.812,15.192,15.582,15.981,16.391,16.811,17.242,17.684,18.138,18.603,19.08,19.569,20.071,20.586,21.113,21.655,22.21,22.78,23.978,25.092,26.169,27.624,28.309,29.816,30.954,30.977,30.196,30.064,31.553,30.784,32.175,32.819,33.475,34.145,34.827,35.524,36.235
P150,Senegal,5.648,5.803,5.966,6.14,6.322,6.512,6.711,6.918,7.13,7.346,7.561,7.776,7.99,8.227,8.461,8.69,8.913,9.131,9.348,9.569,9.798,10.036,10.284,10.541,10.81,11.09,11.382,11.687,12.005,12.335,12.678,13.034,13.402,13.782,14.175,14.578,14.994,15.419,15.854,16.296,16.744,17.204,17.676,18.162,18.661,19.173,19.7,20.241,20.797
P151,Serbia,0,0,0,0,0,0,0,0,0,0,0,0,0,0,0,0,0,9.777,9.776,7.54,7.516,7.503,7.5,7.481,7.463,7.441,7.412,7.382,7.35,7.321,7.291,7.237,7.201,7.167,7.132,7.095,7.058,7.021,6.983,6.945,6.899,6.834,6.664,6.638,6.611,6.585,6.558,6.532,6.513
P152,Seychelles,0.063,0.064,0.064,0.064,0.065,0.065,0.066,0.068,0.069,0.069,0.07,0.07,0.071,0.072,0.074,0.075,0.076,0.077,0.079,0.08,0.081,0.081,0.083,0.083,0.082,0.083,0.085,0.085,0.087,0.087,0.09,0.087,0.088,0.09,0.091,0.093,0.094,0.094,0.095,0.096,0.097,0.098,0.099,0.1,0.101,0.102,0.102,0.103,0.104
P153,Sierra Leone,3.547,3.634,3.71,3.797,3.819,3.895,3.982,4.069,4.157,4.254,4.32,4.349,4.348,4.329,4.31,4.304,4.313,4.335,4.381,4.462,4.585,4.754,4.966,5.201,5.434,5.646,5.829,5.99,6.134,6.273,6.416,6.563,6.713,6.864,7.017,7.172,7.329,7.488,7.65,7.813,7.977,8.141,8.309,8.48,8.655,8.833,9.015,9.201,9.391
P154,Singapore,2.414,2.533,2.646,2.681,2.732,2.736,2.733,2.775,2.846,2.931,3.047,3.135,3.231,3.313,3.419,3.525,3.671,3.796,3.927,3.959,4.028,4.138,4.176,4.115,4.167,4.266,4.401,4.589,4.839,4.988,5.077,5.184,5.312,5.399,5.47,5.535,5.607,5.612,5.639,5.704,5.686,5.454,5.637,5.659,5.68,5.706,5.732,5.76,5.786
P155,Slovakia,0,0,0,0,0,0,0,0,0,0,0,0,0,5.337,5.367,5.397,5.408,5.379,5.388,5.393,5.399,5.379,5.379,5.375,5.372,5.373,5.373,5.373,5.376,5.382,5.39,5.392,5.404,5.411,5.416,5.421,5.426,5.435,5.443,5.45,5.458,5.46,5.435,5.437,5.437,5.436,5.434,5.429,5.424
P156,Slovenia,0,0,0,0,0,0,0,0,0,0,0,0,1.999,1.989,1.989,1.989,1.99,1.987,1.985,1.978,1.988,1.99,1.994,1.995,1.996,1.998,2.003,2.01,2.01,2.032,2.047,2.05,2.055,2.059,2.061,2.063,2.064,2.066,2.067,2.081,2.096,2.109,2.107,2.114,2.116,2.115,2.113,2.112,2.11
P157,Solomon Islands,0.231,0.238,0.246,0.255,0.263,0.271,0.279,0.287,0.295,0.303,0.312,0.321,0.33,0.34,0.349,0.359,0.37,0.38,0.391,0.402,0.413,0.424,0.435,0.447,0.459,0.47,0.481,0.492,0.503,0.515,0.528,0.542,0.556,0.571,0.587,0.603,0.619,0.636,0.653,0.67,0.687,0.704,0.722,0.74,0.758,0.777,0.796,0.816,0.836
P158,Somalia,0,0,0,0,0,0,0,0,0,0,0,0,0,0,0,0,0,0,0,0,0,0,0,0,0,0,0,0,0,0,0,0,11.846,12.178,12.519,12.87,13.23,13.6,13.981,14.373,14.775,15.189,15.614,16.051,16.501,16.963,17.438,17.926,18.428
P159,South Africa,29.08,29.83,30.61,31.41,32.21,32.98,33.73,34.46,35.2,35.97,36.79,37.69,38.65,39.62,40.56,41.43,42.21,42.92,43.58,44.23,44.9,45.724,46.355,46.806,47.31,47.86,48.446,49.089,49.795,50.545,51.329,52.129,52.93,53.751,54.574,55.407,56.252,57.098,57.939,58.775,59.622,60.143,60.604,61.528,62.467,63.419,64.386,65.368,66.365
P160,South Sudan,0,0,0,0,0,0,0,0,0,0,0,0,0,0,0,0,0,0,0,0,0,0,0,0,0,0,0,0,0,0,0,10.449,10.818,11.177,11.531,11.882,12.231,12.585,12.976,13.378,13.779,14.179,14.59,15.013,15.448,15.896,16.357,16.832,17.32
P161,Spain,37.656,38.014,38.217,38.397,38.55,38.686,38.798,38.888,38.971,39.048,39.117,39.221,39.35,39.473,39.579,39.672,39.764,39.869,40.008,40.215,40.554,40.766,41.424,42.196,42.859,43.663,44.361,45.236,45.983,46.368,46.562,46.736,46.766,46.593,46.455,46.41,46.45,46.533,46.729,47.105,47.356,47.331,47.615,47.81,47.994,48.166,48.327,48.478,48.618
P162,Sri Lanka,15.553,15.763,15.962,16.148,16.322,16.482,16.645,16.811,16.98,17.151,17.326,17.536,17.737,17.925,18.094,18.243,18.367,18.471,18.565,18.663,18.778,18.912,19.062,19.224,19.387,19.545,19.696,19.842,19.984,20.124,20.262,20.398,20.425,20.585,20.778,20.97,21.203,21.444,21.67,21.803,21.919,22.156,22.396,0,0,0,0,0,0
P163,Sudan,18.68,19.24,19.8,20.36,21.311,21.908,22.521,23.152,23.6,24.2,25.75,26.53,27.32,28.13,28.95,27.95,28.6,29.2,29.8,30.4,31.1,31.9,32.7,33.6,34.474,35.3,36.218,37.159,38.126,39.117,40.134,32.661,35.056,36.164,37.289,38.435,39.599,40.783,41.985,43.222,44.345,45.498,46.681,47.895,49.14,50.418,51.729,53.074,54.454
P164,Suriname,0,0,0,0,0,0,0,0,0,0,0.408,0.414,0.419,0.426,0.431,0.437,0.442,0.449,0.454,0.461,0.467,0.474,0.479,0.484,0.493,0.499,0.504,0.51,0.517,0.524,0.531,0.54,0.542,0.55,0.559,0.567,0.576,0.583,0.59,0.598,0.603,0.61,0.617,0.624,0.632,0.64,0.647,0.655,0.663
P165,Sweden,8.318,8.323,8.327,8.331,8.343,8.358,8.382,8.414,8.459,8.527,8.591,8.644,8.692,8.745,8.816,8.837,8.844,8.848,8.854,8.861,8.883,8.909,8.941,8.976,9.011,9.048,9.113,9.183,9.256,9.341,9.416,9.483,9.556,9.645,9.747,9.851,9.995,10.12,10.23,10.328,10.379,10.452,10.522,10.814,10.91,11.001,11.088,11.169,11.245
P166,Switzerland,6.304,6.335,6.373,6.41,6.428,6.456,6.485,6.523,6.567,6.62,6.674,6.757,6.843,6.908,6.969,7.019,7.062,7.081,7.096,7.124,7.164,7.198,7.256,7.314,7.364,7.415,7.459,7.509,7.593,7.702,7.786,7.87,7.955,8.039,8.14,8.238,8.327,8.42,8.484,8.545,8.606,8.67,8.739,8.805,8.871,8.937,9.004,9.072,9.14
P167,Syria,9.129,9.444,9.758,10.084,10.419,10.776,11.133,11.511,11.899,12.298,12.721,13.102,13.484,13.865,14.241,14.61,14.973,15.334,15.702,16.091,16.511,16.961,17.438,17.952,18.512,19.121,19.596,20.083,20.581,21.092,21.393,0,0,0,0,0,0,0,0,0,0,0,0,0,0,0,0,0,0
P168,Sao Tome and Principe,0.089,0.09,0.092,0.095,0.097,0.099,0.102,0.105,0.108,0.111,0.114,0.118,0.121,0.123,0.125,0.127,0.13,0.132,0.135,0.137,0.139,0.142,0.144,0.147,0.151,0.155,0.159,0.163,0.167,0.171,0.175,0.179,0.183,0.187,0.191,0.196,0.2,0.204,0.209,0.213,0.218,0.223,0.227,0.232,0.237,0.242,0.257,0.262,0.267
P169,Taiwan,17.866,18.194,18.516,18.791,19.069,19.314,19.509,19.725,19.954,20.157,20.401,20.606,20.803,20.995,21.178,21.357,21.525,21.743,21.929,22.092,22.277,22.406,22.521,22.605,22.689,22.77,22.877,22.958,23.037,23.12,23.162,23.225,23.316,23.374,23.434,23.492,23.54,23.571,23.589,23.603,23.561,23.375,23.265,23.251,23.251,23.251,23.251,23.251,23.251
P170,Tajikistan,0,0,0,0,0,0,0,0,0,0,0,5.506,5.536,5.573,5.607,5.668,5.735,5.822,5.939,6.115,6.216,6.327,6.448,6.577,6.713,6.854,7.001,7.152,7.31,7.473,7.642,7.816,7.995,8.178,8.363,8.549,8.735,8.921,9.107,9.292,9.475,9.657,9.836,10.013,10.188,10.36,10.53,10.698,10.864
P171,Tanzania,18.034,18.601,19.187,19.791,20.402,21.036,21.68,22.336,23.016,23.737,24.507,25.336,26.216,27.116,27.997,28.829,29.603,30.33,31.014,31.751,32.544,33.406,34.328,35.302,36.314,37.354,38.421,39.522,40.64,41.824,43.06,44.348,45.688,47.076,48.511,49.989,51.51,53.074,54.68,56.322,58.001,59.73,61.51,63.343,65.231,67.175,69.177,71.239,73.362
P172,Thailand,47.374,48.326,49.256,50.174,51.095,52.027,52.98,53.946,54.892,55.772,56.558,57.232,57.811,58.338,58.875,59.467,60.13,60.847,61.585,62.299,62.953,63.539,64.069,64.55,64.995,65.416,65.813,66.182,66.531,66.867,67.195,67.518,67.836,68.145,68.439,68.715,68.971,69.21,69.428,69.626,69.8,69.951,70.078,70.183,70.266,70.329,70.372,70.394,70.397
P173,Timor-Leste,0,0,0,0,0,0,0,0,0,0,0,0,0,0,0,0,0,0,0,0.861,0.872,0.885,0.901,0.918,0.935,0.957,0.982,1.007,1.032,1.055,1.077,1.1,1.125,1.15,1.173,1.196,1.215,1.234,1.253,1.271,1.29,1.31,1.332,1.351,1.37,1.39,1.409,1.428,1.448
P174,Togo,2.822,2.916,3.023,3.127,3.232,3.337,3.439,3.545,3.653,3.764,3.876,3.99,4.106,4.078,4.093,4.28,4.446,4.593,4.728,4.868,5.008,5.145,5.282,5.421,5.565,5.712,5.874,6.048,6.222,6.399,6.572,6.749,6.927,7.106,7.288,7.473,7.661,7.853,8.047,8.243,8.443,8.647,8.856,9.07,9.29,9.515,9.745,9.981,10.222
P175,Tonga,0.092,0.093,0.093,0.094,0.095,0.095,0.094,0.094,0.095,0.095,0.096,0.096,0.097,0.097,0.097,0.097,0.098,0.098,0.098,0.099,0.099,0.1,0.1,0.1,0.101,0.101,0.102,0.102,0.102,0.103,0.103,0.103,0.103,0.102,0.102,0.101,0.101,0.101,0.1,0.1,0.1,0.1,0.1,0.1,0.099,0.099,0.099,0.099,0.098
P176,Trinidad and Tobago,1.085,1.102,1.12,1.138,1.155,1.17,1.183,1.195,1.204,1.213,1.221,1.229,1.237,1.244,1.25,1.254,1.258,1.26,1.262,1.264,1.267,1.272,1.277,1.284,1.29,1.296,1.303,1.308,1.314,1.321,1.328,1.336,1.345,1.354,1.362,1.37,1.378,1.384,1.39,1.395,1.399,1.407,1.414,1.421,1.428,1.435,1.442,1.448,1.455
P177,Tunisia,6.451,6.633,6.795,6.956,7.037,7.269,7.552,7.713,7.845,7.986,8.233,8.418,8.603,8.785,8.957,9.114,9.256,9.384,9.499,9.604,9.699,9.786,9.864,9.94,10.018,10.102,10.196,10.298,10.407,10.522,10.64,10.761,10.887,11.015,11.144,11.274,11.403,11.532,11.659,11.783,11.903,12.019,12.129,12.235,12.336,12.432,12.523,12.609,12.691
P178,Turkmenistan,0,0,0,0,0,0,0,0,0,0,0,0,3.975,4.015,4.119,4.212,4.293,4.361,4.421,4.475,4.528,4.578,4.627,4.675,4.724,4.775,4.83,4.887,4.946,5.008,5.087,5.174,5.268,5.366,5.466,5.565,5.642,5.71,5.77,5.939,6.061,6.152,6.24,6.326,6.409,6.489,6.566,6.641,6.713
P179,Tuvalu,0,0,0,0,0,0,0,0,0,0,0,0,0,0,0,0,0,0,0,0,0,0,0.01,0.009,0.01,0.01,0.01,0.01,0.01,0.01,0.01,0.011,0.011,0.011,0.011,0.011,0.011,0.011,0.011,0.011,0.011,0.011,0.011,0.011,0.011,0.011,0.011,0.011,0.011
P180,Turkey,45.272,46.314,47.382,48.461,49.532,50.582,51.606,52.607,53.588,54.554,55.511,56.457,57.394,58.328,59.259,60.184,61.106,62.023,62.912,63.818,64.73,65.603,66.402,67.187,68.01,68.861,69.73,70.586,71.517,72.561,73.723,74.724,75.627,76.668,77.696,78.741,79.815,80.811,82.004,83.155,83.614,84.68,85.28,86.268,87.237,88.19,89.123,90.035,90.926
P181,Uganda,11.264,11.607,11.962,12.335,12.734,13.169,13.641,14.147,14.679,15.227,15.782,16.343,16.873,17.447,18.021,18.595,19.214,19.832,20.45,21.113,21.82,22.526,23.277,24.116,24.956,25.795,26.678,27.606,28.578,29.549,30.521,31.537,32.548,33.51,34.477,35.492,36.561,37.674,38.823,39.823,41.222,42.46,43.734,45.046,46.398,47.79,49.466,51.696,53.752
P182,Ukraine,0,0,0,0,0,0,0,0,0,0,51.624,51.708,51.87,51.715,51.3,50.874,50.4,49.974,49.545,49.115,48.664,48.241,47.823,47.442,47.101,46.749,46.466,46.192,45.963,45.783,45.598,45.453,45.373,45.246,42.76,42.591,42.415,42.217,41.984,41.733,41.419,40.998,34.84,33.192,33.678,34.689,35.015,35.862,36.06
P183,United Arab Emirates,1.01,1.1,1.17,1.21,1.31,1.38,1.44,1.5,1.79,1.86,1.844,1.928,2.011,2.083,2.23,2.411,2.443,2.58,2.834,3.033,2.995,3.167,3.349,3.551,3.761,4.106,5.012,6.219,8.074,8.2,8.264,8.394,8.526,8.661,8.799,8.939,9.121,9.304,9.367,9.504,9.282,9.558,9.865,10.062,10.243,10.428,10.616,10.807,11.001
P184,United Kingdom,56.33,56.358,56.291,56.316,56.409,56.554,56.684,56.804,56.916,57.077,57.238,57.439,57.585,57.714,57.862,58.025,58.164,58.314,58.475,58.684,58.886,59.113,59.366,59.637,59.95,60.413,60.827,61.319,61.824,62.261,62.76,63.285,63.705,64.106,64.597,65.11,65.648,66.04,66.436,66.797,67.081,67.28,67.791,68.122,68.434,68.723,68.986,69.222,69.449
P185,United States,227.622,229.916,232.128,234.246,236.307,238.416,240.593,242.751,244.968,247.286,250.047,253.392,256.777,260.146,263.325,266.458,269.581,272.822,276.022,279.195,282.296,285.216,288.019,290.733,293.389,296.115,298.93,301.903,304.718,307.374,309.737,311.944,314.167,316.331,318.619,320.926,323.221,325.28,327.023,328.547,331.257,332.314,333.53,335.143,336.692,338.263,339.841,341.426,343.019
P186,Uruguay,2.939,2.959,2.978,2.997,3.016,3.035,3.053,3.07,3.088,3.105,3.122,3.14,3.159,3.178,3.208,3.228,3.248,3.286,3.312,3.336,3.349,3.351,3.347,3.338,3.341,3.352,3.358,3.359,3.363,3.378,3.397,3.413,3.426,3.44,3.454,3.467,3.48,3.493,3.506,3.519,3.531,3.543,3.555,3.567,3.578,3.589,3.6,3.611,3.621
P187,Uzbekistan,0,0,0,0,0,0,0,0,0,0,0,0,21.36,21.853,22.282,22.69,23.13,23.867,24.231,24.583,24.488,24.813,25.116,25.428,25.707,26.021,26.313,26.664,27.072,27.533,28.001,29.123,29.555,29.994,30.493,31.023,31.575,32.121,32.657,33.256,33.905,34.559,35.271,36.025,36.745,37.48,38.23,38.995,39.774
P188,Vanuatu,0.115,0.119,0.123,0.126,0.13,0.135,0.139,0.141,0.145,0.146,0.148,0.151,0.154,0.157,0.164,0.169,0.173,0.177,0.182,0.187,0.191,0.195,0.2,0.204,0.209,0.214,0.219,0.224,0.229,0.234,0.24,0.245,0.251,0.257,0.263,0.269,0.272,0.279,0.285,0.292,0.302,0.312,0.323,0.334,0.345,0.357,0.369,0.382,0.395
P189,Venezuela,14.952,15.41,15.868,16.316,16.773,17.241,17.45,17.888,18.336,18.784,19.411,19.879,20.347,20.815,21.283,21.751,22.219,22.676,23.13,23.593,24.394,24.803,25.212,25.622,26.033,26.445,26.858,27.273,27.689,28.106,28.524,28.944,29.365,29.786,30.206,30.62,30.714,30.442,28.903,27.817,27.951,27.586,26.917,26.54,26.459,0,0,0,0
P190,Vietnam,54.18,55.31,56.4,57.47,58.57,59.71,60.92,62.3,63.5,64.774,67.513,68.766,70.002,71.223,72.43,73.627,74.815,75.991,77.167,78.333,79.395,80.469,81.534,82.302,83.063,83.833,84.618,85.42,86.243,87.092,87.968,87.86,88.809,89.76,90.729,91.713,92.695,93.672,94.666,96.484,97.583,98.506,99.462,100.399,101.302,102.175,103.018,103.837,104.639
P191,Yemen,0,0,0,0,0,0,0,0,0,0,13.119,13.631,14.161,14.707,15.269,15.837,16.369,16.859,17.358,17.858,18.371,18.886,19.4,19.921,20.457,21.01,21.631,22.301,22.982,23.676,24.383,25.105,25.846,26.6,27.368,28.139,28.894,29.654,30.415,31.166,31.927,32.641,33.322,34.071,34.829,35.611,36.39,37.174,37.957
P192,Zambia,5.551,5.733,5.918,6.103,6.291,6.481,6.676,6.876,7.083,7.301,7.53,7.761,7.992,8.224,8.474,8.684,8.902,9.133,9.372,9.621,9.891,10.192,10.508,10.838,11.188,11.565,11.972,12.402,12.853,13.318,13.792,14.266,14.745,15.235,15.738,16.248,16.768,17.298,17.836,18.38,18.928,19.473,20.018,20.57,21.135,21.707,22.286,22.874,23.469
P193,Zimbabwe,7.092,7.3,7.606,7.849,8.099,8.385,8.648,8.919,9.199,9.488,9.786,10.093,10.41,10.776,11.147,11.523,11.905,11.786,11.756,11.724,11.693,11.663,11.632,11.64,11.73,11.83,12.01,12.04,12.12,12.23,12.34,12.459,13.061,13.43,13.778,14.009,14.228,14.437,14.642,14.905,15.189,15.492,15.817,16.164,16.481,16.79,17.095,17.407,17.729
P194,Australia,17.91,18.164,18.438,18.663,18.888,19.143,19.411,19.696,20.019,20.303,20.576,20.875,21.09,21.293,21.515,21.795,22.064,22.293,22.521,22.757,23.001,23.273,23.557,23.855,24.135,24.448,24.813,25.242,25.738,26.171,26.525,26.908,27.339,27.745,28.16,28.597,29.102,29.574,30.048,30.506,30.717,30.883,31.393,31.772,32.171,32.562,32.944,33.33,33.721
P195,Palestine,0,0,0,0,0,0,0,0,0,0,0,0,0,2.184,2.317,2.483,2.631,2.783,2.872,2.962,3.053,3.138,3.225,3.315,3.407,3.508,3.612,3.719,3.821,3.922,4.023,4.125,4.226,4.328,4.429,4.53,4.632,4.733,4.854,4.977,5.101,5.227,5.355,5.479,5.603,5.728,5.853,5.978,6.102
P196,Cape Verde,0.289,0.294,0.299,0.305,0.312,0.318,0.325,0.332,0.339,0.346,0.354,0.363,0.371,0.38,0.379,0.389,0.399,0.408,0.417,0.426,0.435,0.444,0.452,0.46,0.468,0.475,0.481,0.486,0.492,0.497,0.502,0.508,0.514,0.52,0.526,0.533,0.54,0.546,0.544,0.55,0.557,0.563,0.57,0.577,0.584,0.591,0.598,0.605,0.612